{"threshold": 0.5, "precision": 0.02311912225705329, "recall": 0.7972972972972973, "f1": 0.04493526275704494, "roc_auc": 0.876632080096754, "auprc": 0.018704375224423028, "brier": 0.04419694778028475, "tp": 59, "fp": 2493, "fn": 15, "tn": 54179, "_timestamp": 1773662584.5236034, "_runtime": 15.098836421966553, "_step": 0, "_wandb": {"runtime": 7}}